displayprofile,profile,groups,Ptype,type,lic,act
00DEFAULT,00DEFAULT,Everyone,[Default],default,new,ok
00DEFAULT,00DEFAULT,license.light,[Default],License,new,ok
00DEFAULT,00DEFAULT,T.ADJUST.admin.deny,[Default],DF-Template,new,ok
00DEFAULT,00DEFAULT,T.ADJUST.calc.deny,[Default],DF-Template,new,ok
00DEFAULT,00DEFAULT,T.ADJUST.economics.deny,[Default],DF-Template,new,ok
00DEFAULT,00DEFAULT,T.ADJUST.ecoresults.deny,[Default],DF-Template,new,ok
00DEFAULT,00DEFAULT,T.ADJUST.financials.deny,[Default],DF-Template,new,ok
00DEFAULT,00DEFAULT,T.ADJUST.input.deny,[Default],DF-Template,new,ok
00DEFAULT,00DEFAULT,T.ADJUST.overview.deny,[Default],DF-Template,new,ok
00DEFAULT,00DEFAULT,T.PRMS.admin.deny,[Default],DF-Template,new,ok
00DEFAULT,00DEFAULT,T.PRMS.calc.deny,[Default],DF-Template,new,ok
00DEFAULT,00DEFAULT,T.PRMS.economics.deny,[Default],DF-Template,new,ok
00DEFAULT,00DEFAULT,T.PRMS.ecoresults.deny,[Default],DF-Template,new,ok
00DEFAULT,00DEFAULT,T.PRMS.financials.deny,[Default],DF-Template,new,ok
00DEFAULT,00DEFAULT,T.PRMS.input.deny,[Default],DF-Template,new,ok
00DEFAULT,00DEFAULT,T.PRMS.quicklook.deny,[Default],DF-Template,new,ok
00DEFAULT,00DEFAULT,Z.BD.001.deny,[Default],BD,new,ok
00DEFAULT,00DEFAULT,Z.BD.002.deny,[Default],BD,new,ok
00DEFAULT,00DEFAULT,Z.BD.003.deny,[Default],BD,new,ok
00DEFAULT,00DEFAULT,Z.BD.004.deny,[Default],BD,new,ok
00DEFAULT,00DEFAULT,Z.BD.005.deny,[Default],BD,new,ok
00DEFAULT,00DEFAULT,Z.BD.006.deny,[Default],BD,new,ok
00DEFAULT,00DEFAULT,Z.BD.007.deny,[Default],BD,new,ok
00DEFAULT,00DEFAULT,Z.BD.009.deny,[Default],BD,new,ok
00DEFAULT,00DEFAULT,Z.BD.010.deny,[Default],BD,new,ok
00DEFAULT,00DEFAULT,Z.BD.011.deny,[Default],BD,new,ok
00DEFAULT,00DEFAULT,Z.BD.012.deny,[Default],BD,new,ok
00DEFAULT,00DEFAULT,Z.BD.013.deny,[Default],BD,new,ok
00DEFAULT,00DEFAULT,Z.BD.014.deny,[Default],BD,new,ok
00DEFAULT,00DEFAULT,Z.BD.015.deny,[Default],BD,new,ok
00DEFAULT,00DEFAULT,Z.BD.016.deny,[Default],BD,new,ok
00DEFAULT,00DEFAULT,Z.BD.017.deny,[Default],BD,new,ok
00DEFAULT,00DEFAULT,Z.BD.018.deny,[Default],BD,new,ok
00DEFAULT,00DEFAULT,Z.BD.019.deny,[Default],BD,new,ok
00DEFAULT,00DEFAULT,Z.BD.020.deny,[Default],BD,new,ok
00DEFAULT,00DEFAULT,Z.BD.021.deny,[Default],BD,new,ok
00DEFAULT,00DEFAULT,Z.BD.022.deny,[Default],BD,new,ok
00DEFAULT,00DEFAULT,Z.BD.023.deny,[Default],BD,new,ok
00DEFAULT,00DEFAULT,Z.BD.024.deny,[Default],BD,new,ok
00DEFAULT,00DEFAULT,Z.BD.025.deny,[Default],BD,new,ok
00DEFAULT,00DEFAULT,Z.BD.026.deny,[Default],BD,new,ok
00DEFAULT,00DEFAULT,Z.BD.027.deny,[Default],BD,new,ok
00DEFAULT,00DEFAULT,Z.BD.028.deny,[Default],BD,new,ok
00DEFAULT,00DEFAULT,Z.BD.029.deny,[Default],BD,new,ok
00DEFAULT,00DEFAULT,Z.BD.030.deny,[Default],BD,new,ok
00DEFAULT,00DEFAULT,Z.BD.031.deny,[Default],BD,new,ok
00DEFAULT,00DEFAULT,Z.BD.032.deny,[Default],BD,new,ok
00DEFAULT,00DEFAULT,Z.BD.033.deny,[Default],BD,new,ok
00DEFAULT,00DEFAULT,Z.BD.034.deny,[Default],BD,new,ok
00DEFAULT,00DEFAULT,Z.BD.035.deny,[Default],BD,new,ok
00DEFAULT,00DEFAULT,Z.BD.036.deny,[Default],BD,new,ok
00DEFAULT,00DEFAULT,Z.BD.037.deny,[Default],BD,new,ok
00DEFAULT,00DEFAULT,Z.BD.038.deny,[Default],BD,new,ok
00DEFAULT,00DEFAULT,Z.BD.039.deny,[Default],BD,new,ok
00DEFAULT,00DEFAULT,Z.BD.040.deny,[Default],BD,new,ok
00DEFAULT,00DEFAULT,Z.BD.041.deny,[Default],BD,new,ok
00DEFAULT,00DEFAULT,Z.BD.042.deny,[Default],BD,new,ok
00DEFAULT,00DEFAULT,Z.BD.043.deny,[Default],BD,new,ok
00DEFAULT,00DEFAULT,Z.BD.044.deny,[Default],BD,new,ok
00DEFAULT,00DEFAULT,Z.BD.045.deny,[Default],BD,new,ok
00DEFAULT,00DEFAULT,Z.BD.046.deny,[Default],BD,new,ok
00DEFAULT,00DEFAULT,Z.BD.047.deny,[Default],BD,new,ok
00DEFAULT,00DEFAULT,Z.BD.048.deny,[Default],BD,new,ok
00DEFAULT,00DEFAULT,Z.BD.049.deny,[Default],BD,new,ok
00DEFAULT,00DEFAULT,Z.BD.050.deny,[Default],BD,new,ok
00DEFAULT,00DEFAULT,data.access.PRMS.allow,[DATA],DATA,new,ok
00DEFAULT,00DEFAULT,data.access.LCB.allow,[DATA],DATA,new,ok
00DEFAULT,00DEFAULT,data.access.GAS.allow,[DATA],DATA,new,ok
00DEFAULT,00DEFAULT,data.access.ADJUST.allow,[DATA],DATA,new,ok
00P2VADMIN,00P2VADMIN,Administrators,[Profile],Admin,new,ok
profile.PetroVR,A02.profile.PetroVR,A02.profile.PetroVR,[Profile],PROFILE,new,ok
profile.PetroVR,A02.profile.PetroVR,Dataflow.base,[Profile],DataFlow,new,ok
profile.PetroVR,A02.profile.PetroVR,Economics.base,[Profile],Economics,new,ok
profile.PetroVR,A02.profile.PetroVR,license.heavy,[Profile],License,new,ok
profile.PetroVR,A02.profile.PetroVR,P2V.base,[Profile],General,new,ok
profile.PetroVR,A02.profile.PetroVR,PetroVR,[Profile],,new,ok
profile.PetroVR,A02.profile.PetroVR,Reporting,[Profile],Reporting,new,ok
profile.CAPDAT,A03.profile.CAPDAT,A03.profile.CAPDAT,[Profile],PROFILE,new,ok
profile.CAPDAT,A03.profile.CAPDAT,Economics.base,[Profile],Economics,new,
profile.CAPDAT,A03.profile.CAPDAT,license.light,[Profile],License,new,
profile.CAPDAT,A03.profile.CAPDAT,Reporting,[Profile],Reporting,new,ok
profile.Light,A04.profile.Light,A04.profile.Light,[Profile],PROFILE,new,ok
profile.Light,A04.profile.Light,Dataflow.base,[Profile],DataFlow,new,ok
profile.Light,A04.profile.Light,license.light,[Profile],License,new,ok
profile.Light,A04.profile.Light,P2V.base,[Profile],General,new,ok
profile.Light,A04.profile.Light,Reporting,[Profile],Reporting,new,ok
profile.Light,A04.profile.Light,T.ADJUST.admin.deny,[Profile],DF-Template,new,ok
profile.Light,A04.profile.Light,T.ADJUST.calc.deny,[Profile],DF-Template,new,ok
profile.Light,A04.profile.Light,T.ADJUST.economics.deny,[Profile],DF-Template,new,ok
profile.Light,A04.profile.Light,T.ADJUST.ecoresults.readonly,[Profile],DF-Template,new,ok
profile.Light,A04.profile.Light,T.ADJUST.financials.readonly,[Profile],DF-Template,new,ok
profile.Light,A04.profile.Light,T.ADJUST.input.deny,[Profile],DF-Template,new,ok
profile.Light,A04.profile.Light,T.ADJUST.overview.readonly,[Profile],DF-Template,new,ok
profile.Light,A04.profile.Light,T.PRMS.admin.deny,[Profile],DF-Template,new,ok
profile.Light,A04.profile.Light,T.PRMS.calc.deny,[Profile],DF-Template,new,ok
profile.Light,A04.profile.Light,T.PRMS.economics.readonly,[Profile],DF-Template,new,ok
profile.Light,A04.profile.Light,T.PRMS.ecoresults.deny,[Profile],DF-Template,new,ok
profile.Light,A04.profile.Light,T.PRMS.financials.deny,[Profile],DF-Template,new,ok
profile.Light,A04.profile.Light,T.PRMS.input.readonly,[Profile],DF-Template,new,ok
profile.Light,A04.profile.Light,T.PRMS.quicklook.readonly,[Profile],DF-Template,new,ok
profile.Light.reserves,A05.profile.Light.reserves,A05.profile.Light.reserves,[Profile],PROFILE,new,ok
profile.Light.reserves,A05.profile.Light.reserves,Dataflow.base,[Profile],DataFlow,new,ok
profile.Light.reserves,A05.profile.Light.reserves,license.light,[Profile],License,new,ok
profile.Light.reserves,A05.profile.Light.reserves,P2V.base,[Profile],General,new,ok
profile.Light.reserves,A05.profile.Light.reserves,Reporting,[Profile],Reporting,new,ok
profile.Light.reserves,A05.profile.Light.reserves,Reserves.base,[Profile],Reserves,new,ok
profile.Light.reserves,A05.profile.Light.reserves,T.ADJUST.admin.deny,[Profile],DF-Template,new,ok
profile.Light.reserves,A05.profile.Light.reserves,T.ADJUST.calc.deny,[Profile],DF-Template,new,ok
profile.Light.reserves,A05.profile.Light.reserves,T.ADJUST.economics.deny,[Profile],DF-Template,new,ok
profile.Light.reserves,A05.profile.Light.reserves,T.ADJUST.ecoresults.readonly,[Profile],DF-Template,new,ok
profile.Light.reserves,A05.profile.Light.reserves,T.ADJUST.financials.readonly,[Profile],DF-Template,new,ok
profile.Light.reserves,A05.profile.Light.reserves,T.ADJUST.input.deny,[Profile],DF-Template,new,ok
profile.Light.reserves,A05.profile.Light.reserves,T.ADJUST.overview.readonly,[Profile],DF-Template,new,ok
profile.Light.reserves,A05.profile.Light.reserves,T.PRMS.admin.deny,[Profile],DF-Template,new,ok
profile.Light.reserves,A05.profile.Light.reserves,T.PRMS.calc.deny,[Profile],DF-Template,new,ok
profile.Light.reserves,A05.profile.Light.reserves,T.PRMS.economics.readonly,[Profile],DF-Template,new,ok
profile.Light.reserves,A05.profile.Light.reserves,T.PRMS.ecoresults.readonly,[Profile],DF-Template,new,ok
profile.Light.reserves,A05.profile.Light.reserves,T.PRMS.financials.deny,[Profile],DF-Template,new,ok
profile.Light.reserves,A05.profile.Light.reserves,T.PRMS.input.readonly,[Profile],DF-Template,new,ok
profile.Light.reserves,A05.profile.Light.reserves,T.PRMS.quicklook.readonly,[Profile],DF-Template,new,ok
profile.Light.Fin.Port,A06.profile.Light.Fin.Port,A06.profile.Light.Fin.Port,[Profile],PROFILE,new,ok
profile.Light.Fin.Port,A06.profile.Light.Fin.Port,Dataflow.base,[Profile],DataFlow,new,ok
profile.Light.Fin.Port,A06.profile.Light.Fin.Port,Economics.base,[Profile],Economics,new,ok
profile.Light.Fin.Port,A06.profile.Light.Fin.Port,Financials.base,[Profile],Financials,new,ok
profile.Light.Fin.Port,A06.profile.Light.Fin.Port,license.heavy,[Profile],License,new,ok
profile.Light.Fin.Port,A06.profile.Light.Fin.Port,P2V.base,[Profile],General,new,ok
profile.Light.Fin.Port,A06.profile.Light.Fin.Port,Portfolio.base,[Profile],,new,ok
profile.Light.Fin.Port,A06.profile.Light.Fin.Port,Reporting,[Profile],Reporting,new,ok
profile.Light.Fin.Port,A06.profile.Light.Fin.Port,T.ADJUST.admin.readonly,[Profile],DF-Template,new,ok
profile.Light.Fin.Port,A06.profile.Light.Fin.Port,T.ADJUST.calc.deny,[Profile],DF-Template,new,ok
profile.Light.Fin.Port,A06.profile.Light.Fin.Port,T.ADJUST.economics.deny,[Profile],DF-Template,new,ok
profile.Light.Fin.Port,A06.profile.Light.Fin.Port,T.ADJUST.ecoresults.readonly,[Profile],DF-Template,new,ok
profile.Light.Fin.Port,A06.profile.Light.Fin.Port,T.ADJUST.financials.readonly,[Profile],DF-Template,new,ok
profile.Light.Fin.Port,A06.profile.Light.Fin.Port,T.ADJUST.input.deny,[Profile],DF-Template,new,ok
profile.Light.Fin.Port,A06.profile.Light.Fin.Port,T.ADJUST.overview.readonly,[Profile],DF-Template,new,ok
profile.Light.Fin.Port,A06.profile.Light.Fin.Port,T.PRMS.admin.readonly,[Profile],DF-Template,new,ok
profile.Light.Fin.Port,A06.profile.Light.Fin.Port,T.PRMS.calc.deny,[Profile],DF-Template,new,ok
profile.Light.Fin.Port,A06.profile.Light.Fin.Port,T.PRMS.economics.readonly,[Profile],DF-Template,new,ok
profile.Light.Fin.Port,A06.profile.Light.Fin.Port,T.PRMS.ecoresults.readonly,[Profile],DF-Template,new,ok
profile.Light.Fin.Port,A06.profile.Light.Fin.Port,T.PRMS.financials.readonly,[Profile],DF-Template,new,ok
profile.Light.Fin.Port,A06.profile.Light.Fin.Port,T.PRMS.input.readonly,[Profile],DF-Template,new,ok
profile.Light.Fin.Port,A06.profile.Light.Fin.Port,T.PRMS.quicklook.readonly,[Profile],DF-Template,new,ok
profile.Projectmanager.PET,A07.profile.Projectmanager.PET,A07.profile.Projectmanager.PET,[Profile],PROFILE,new,ok
profile.Projectmanager.PET,A07.profile.Projectmanager.PET,Dataflow.base,[Profile],DataFlow,new,ok
profile.Projectmanager.PET,A07.profile.Projectmanager.PET,license.light,[Profile],License,new,ok
profile.Projectmanager.PET,A07.profile.Projectmanager.PET,P2V.base,[Profile],General,new,ok
profile.Projectmanager.PET,A07.profile.Projectmanager.PET,Reporting,[Profile],Reporting,new,ok
profile.Projectmanager.PET,A07.profile.Projectmanager.PET,Input.Confirm.PET,[Profile],Tag,new,ok
profile.Projectmanager.PET,A07.profile.Projectmanager.PET,T.ADJUST.admin.deny,[Profile],DF-Template,new,ok
profile.Projectmanager.PET,A07.profile.Projectmanager.PET,T.ADJUST.calc.deny,[Profile],DF-Template,new,ok
profile.Projectmanager.PET,A07.profile.Projectmanager.PET,T.ADJUST.economics.deny,[Profile],DF-Template,new,ok
profile.Projectmanager.PET,A07.profile.Projectmanager.PET,T.ADJUST.ecoresults.readonly,[Profile],DF-Template,new,ok
profile.Projectmanager.PET,A07.profile.Projectmanager.PET,T.ADJUST.financials.readonly,[Profile],DF-Template,new,ok
profile.Projectmanager.PET,A07.profile.Projectmanager.PET,T.ADJUST.input.deny,[Profile],DF-Template,new,ok
profile.Projectmanager.PET,A07.profile.Projectmanager.PET,T.ADJUST.overview.readonly,[Profile],DF-Template,new,ok
profile.Projectmanager.PET,A07.profile.Projectmanager.PET,T.PRMS.admin.deny,[Profile],DF-Template,new,ok
profile.Projectmanager.PET,A07.profile.Projectmanager.PET,T.PRMS.calc.deny,[Profile],DF-Template,new,ok
profile.Projectmanager.PET,A07.profile.Projectmanager.PET,T.PRMS.economics.readonly,[Profile],DF-Template,new,ok
profile.Projectmanager.PET,A07.profile.Projectmanager.PET,T.PRMS.ecoresults.deny,[Profile],DF-Template,new,ok
profile.Projectmanager.PET,A07.profile.Projectmanager.PET,T.PRMS.financials.deny,[Profile],DF-Template,new,ok
profile.Projectmanager.PET,A07.profile.Projectmanager.PET,T.PRMS.input.readonly,[Profile],DF-Template,new,ok
profile.Projectmanager.PET,A07.profile.Projectmanager.PET,T.PRMS.quicklook.readonly,[Profile],DF-Template,new,ok
profile.Projectmanager.PET,A07.profile.Projectmanager.PET,data.access.PRMS.allow,[Business],DF-Template,new,ok
profile.Projectmanager.Classic,A08.profile.Projectmanager.Classic,Input.Confirm,[Profile],Tag,new,ok
profile.Projectmanager.Classic,A08.profile.Projectmanager.Classic,T.ADJUST.admin.deny,[Profile],DF-Template,new,ok
profile.Projectmanager.Classic,A08.profile.Projectmanager.Classic,T.ADJUST.calc.deny,[Profile],DF-Template,new,ok
profile.Projectmanager.Classic,A08.profile.Projectmanager.Classic,T.ADJUST.economics.deny,[Profile],DF-Template,new,ok
profile.Projectmanager.Classic,A08.profile.Projectmanager.Classic,T.ADJUST.ecoresults.readonly,[Profile],DF-Template,new,ok
profile.Projectmanager.Classic,A08.profile.Projectmanager.Classic,A08.profile.Projectmanager.Classic,[Profile],PROFILE,new,ok
profile.Projectmanager.Classic,A08.profile.Projectmanager.Classic,Dataflow.base,[Profile],DataFlow,new,ok
profile.Projectmanager.Classic,A08.profile.Projectmanager.Classic,license.light,[Profile],License,new,ok
profile.Projectmanager.Classic,A08.profile.Projectmanager.Classic,P2V.base,[Profile],General,new,ok
profile.Projectmanager.Classic,A08.profile.Projectmanager.Classic,Portfolio.base,[Profile],,new,ok
profile.Projectmanager.Classic,A08.profile.Projectmanager.Classic,Reporting,[Profile],Reporting,new,ok
profile.Projectmanager.Classic,A08.profile.Projectmanager.Classic,T.ADJUST.financials.readonly,[Profile],DF-Template,new,ok
profile.Projectmanager.Classic,A08.profile.Projectmanager.Classic,T.ADJUST.input.deny,[Profile],DF-Template,new,ok
profile.Projectmanager.Classic,A08.profile.Projectmanager.Classic,T.ADJUST.overview.readonly,[Profile],DF-Template,new,ok
profile.Projectmanager.Classic,A08.profile.Projectmanager.Classic,T.PRMS.admin.deny,[Profile],DF-Template,new,ok
profile.Projectmanager.Classic,A08.profile.Projectmanager.Classic,T.PRMS.calc.deny,[Profile],DF-Template,new,ok
profile.Projectmanager.Classic,A08.profile.Projectmanager.Classic,T.PRMS.economics.readonly,[Profile],DF-Template,new,ok
profile.Projectmanager.Classic,A08.profile.Projectmanager.Classic,T.PRMS.ecoresults.deny,[Profile],DF-Template,new,ok
profile.Projectmanager.Classic,A08.profile.Projectmanager.Classic,T.PRMS.financials.deny,[Profile],DF-Template,new,ok
profile.Projectmanager.Classic,A08.profile.Projectmanager.Classic,T.PRMS.input.full,[Profile],DF-Template,new,ok
profile.Projectmanager.Classic,A08.profile.Projectmanager.Classic,T.PRMS.quicklook.readonly,[Profile],DF-Template,new,ok
profile.Projectmanager.Classic,A08.profile.Projectmanager.Classic,data.access.PRMS.allow,[Business],DF-Template,new,ok
profile.Projectmanager.LCB,A09.profile.Projectmanager.LCB,Input.Confirm,[Profile],Tag,new,ok
profile.Projectmanager.LCB,A09.profile.Projectmanager.LCB,T.ADJUST.admin.readonly,[Profile],DF-Template,new,ok
profile.Projectmanager.LCB,A09.profile.Projectmanager.LCB,T.ADJUST.calc.deny,[Profile],DF-Template,new,ok
profile.Projectmanager.LCB,A09.profile.Projectmanager.LCB,T.ADJUST.economics.deny,[Profile],DF-Template,new,ok
profile.Projectmanager.LCB,A09.profile.Projectmanager.LCB,T.ADJUST.ecoresults.readonly,[Profile],DF-Template,new,ok
profile.Projectmanager.LCB,A09.profile.Projectmanager.LCB,T.ADJUST.financials.readonly,[Profile],DF-Template,new,ok
profile.Projectmanager.LCB,A09.profile.Projectmanager.LCB,T.ADJUST.input.deny,[Profile],DF-Template,new,ok
profile.Projectmanager.LCB,A09.profile.Projectmanager.LCB,T.ADJUST.overview.readonly,[Profile],DF-Template,new,ok
profile.Projectmanager.LCB,A09.profile.Projectmanager.LCB,T.PRMS.admin.deny,[Profile],DF-Template,new,ok
profile.Projectmanager.LCB,A09.profile.Projectmanager.LCB,T.PRMS.calc.deny,[Profile],DF-Template,new,ok
profile.Projectmanager.LCB,A09.profile.Projectmanager.LCB,A09.profile.Projectmanager.LCB,[Profile],PROFILE,new,ok
profile.Projectmanager.LCB,A09.profile.Projectmanager.LCB,Dataflow.base,[Profile],DataFlow,new,ok
profile.Projectmanager.LCB,A09.profile.Projectmanager.LCB,license.light,[Profile],License,new,ok
profile.Projectmanager.LCB,A09.profile.Projectmanager.LCB,P2V.base,[Profile],General,new,ok
profile.Projectmanager.LCB,A09.profile.Projectmanager.LCB,Reporting,[Profile],Reporting,new,ok
profile.Projectmanager.LCB,A09.profile.Projectmanager.LCB,T.PRMS.economics.readonly,[Profile],DF-Template,new,ok
profile.Projectmanager.LCB,A09.profile.Projectmanager.LCB,T.PRMS.ecoresults.readonly,[Profile],DF-Template,new,ok
profile.Projectmanager.LCB,A09.profile.Projectmanager.LCB,T.PRMS.financials.deny,[Profile],DF-Template,new,ok
profile.Projectmanager.LCB,A09.profile.Projectmanager.LCB,T.PRMS.input.full,[Profile],DF-Template,new,ok
profile.Projectmanager.LCB,A09.profile.Projectmanager.LCB,T.PRMS.quicklook.readonly,[Profile],DF-Template,new,ok
profile.Projectmanager.LCB,A09.profile.Projectmanager.LCB,data.access.LCB.allow,[Business],nodetype,new,ok
profile.Planning.Classic,A10.profile.Planning.Classic,A10.profile.Planning.Classic,[Profile],PROFILE,new,ok
profile.Planning.Classic,A10.profile.Planning.Classic,Dataflow.base,[Profile],DataFlow,new,ok
profile.Planning.Classic,A10.profile.Planning.Classic,Dataflow.baseplus,[Profile],DataFlow,new,ok
profile.Planning.Classic,A10.profile.Planning.Classic,DataFlow.key,[Profile],DataFlow,new,ok
profile.Planning.Classic,A10.profile.Planning.Classic,Dataflow.unlock,[Profile],DataFlow,new,ok
profile.Planning.Classic,A10.profile.Planning.Classic,Economics.base,[Profile],Economics,new,ok
profile.Planning.Classic,A10.profile.Planning.Classic,Economics.regimes.readonly,[Profile],Economics,new,ok
profile.Planning.Classic,A10.profile.Planning.Classic,Financials.base,[Profile],Financials,new,ok
profile.Planning.Classic,A10.profile.Planning.Classic,Input.Confirm,[Profile],Tag,new,ok
profile.Planning.Classic,A10.profile.Planning.Classic,license.heavy,[Profile],License,new,ok
profile.Planning.Classic,A10.profile.Planning.Classic,P2V.base,[Profile],General,new,ok
profile.Planning.Classic,A10.profile.Planning.Classic,Portfolio.base,[Profile],,new,ok
profile.Planning.Classic,A10.profile.Planning.Classic,Reporting,[Profile],Reporting,new,ok
profile.Planning.Classic,A10.profile.Planning.Classic,T.ADJUST.admin.full,[Profile],DF-Template,new,ok
profile.Planning.Classic,A10.profile.Planning.Classic,T.ADJUST.calc.deny,[Profile],DF-Template,new,ok
profile.Planning.Classic,A10.profile.Planning.Classic,T.ADJUST.economics.deny,[Profile],DF-Template,new,ok
profile.Planning.Classic,A10.profile.Planning.Classic,T.ADJUST.ecoresults.readonly,[Profile],DF-Template,new,ok
profile.Planning.Classic,A10.profile.Planning.Classic,T.ADJUST.financials.readonly,[Profile],DF-Template,new,ok
profile.Planning.Classic,A10.profile.Planning.Classic,T.ADJUST.input.deny,[Profile],DF-Template,new,ok
profile.Planning.Classic,A10.profile.Planning.Classic,T.ADJUST.overview.full,[Profile],DF-Template,new,ok
profile.Planning.Classic,A10.profile.Planning.Classic,T.PRMS.admin.full,[Profile],DF-Template,new,ok
profile.Planning.Classic,A10.profile.Planning.Classic,T.PRMS.calc.deny,[Profile],DF-Template,new,ok
profile.Planning.Classic,A10.profile.Planning.Classic,T.PRMS.economics.readonly,[Profile],DF-Template,new,ok
profile.Planning.Classic,A10.profile.Planning.Classic,T.PRMS.ecoresults.readonly,[Profile],DF-Template,new,ok
profile.Planning.Classic,A10.profile.Planning.Classic,T.PRMS.financials.readonly,[Profile],DF-Template,new,ok
profile.Planning.Classic,A10.profile.Planning.Classic,T.PRMS.input.full,[Profile],DF-Template,new,ok
profile.Planning.Classic,A10.profile.Planning.Classic,T.PRMS.quicklook.readonly,[Profile],DF-Template,new,ok
profile.Planning.Plus,A11.profile.Planning.Plus,A11.profile.Planning.Plus,[Profile],PROFILE,new,ok
profile.Planning.Plus,A11.profile.Planning.Plus,Dataflow.base,[Profile],DataFlow,new,ok
profile.Planning.Plus,A11.profile.Planning.Plus,Dataflow.baseplus,[Profile],DataFlow,new,ok
profile.Planning.Plus,A11.profile.Planning.Plus,DataFlow.key,[Profile],DataFlow,new,ok
profile.Planning.Plus,A11.profile.Planning.Plus,DataFlow.power,[Profile],DataFlow,new,ok
profile.Planning.Plus,A11.profile.Planning.Plus,Dataflow.quicklook,[Profile],DataFlow,new,ok
profile.Planning.Plus,A11.profile.Planning.Plus,Dataflow.unlock,[Profile],DataFlow,new,ok
profile.Planning.Plus,A11.profile.Planning.Plus,Economics.base,[Profile],Economics,new,ok
profile.Planning.Plus,A11.profile.Planning.Plus,Economics.regimes.readonly,[Profile],Economics,new,ok
profile.Planning.Plus,A11.profile.Planning.Plus,Financials.base,[Profile],Financials,new,ok
profile.Planning.Plus,A11.profile.Planning.Plus,Input.Confirm,[Profile],Tag,new,ok
profile.Planning.Plus,A11.profile.Planning.Plus,license.heavy,[Profile],License,new,ok
profile.Planning.Plus,A11.profile.Planning.Plus,P2V.base,[Profile],General,new,ok
profile.Planning.Plus,A11.profile.Planning.Plus,Portfolio.base,[Profile],,new,ok
profile.Planning.Plus,A11.profile.Planning.Plus,Reporting,[Profile],Reporting,new,ok
profile.Planning.Plus,A11.profile.Planning.Plus,T.ADJUST.admin.full,[Profile],DF-Template,new,ok
profile.Planning.Plus,A11.profile.Planning.Plus,T.ADJUST.calc.full,[Profile],DF-Template,new,ok
profile.Planning.Plus,A11.profile.Planning.Plus,T.ADJUST.economics.full,[Profile],DF-Template,new,ok
profile.Planning.Plus,A11.profile.Planning.Plus,T.ADJUST.ecoresults.full,[Profile],DF-Template,new,ok
profile.Planning.Plus,A11.profile.Planning.Plus,T.ADJUST.financials.full,[Profile],DF-Template,new,ok
profile.Planning.Plus,A11.profile.Planning.Plus,T.ADJUST.input.readonly,[Profile],DF-Template,new,ok
profile.Planning.Plus,A11.profile.Planning.Plus,T.ADJUST.overview.full,[Profile],DF-Template,new,ok
profile.Planning.Plus,A11.profile.Planning.Plus,T.PRMS.admin.full,[Profile],DF-Template,new,ok
profile.Planning.Plus,A11.profile.Planning.Plus,T.PRMS.calc.full,[Profile],DF-Template,new,ok
profile.Planning.Plus,A11.profile.Planning.Plus,T.PRMS.economics.readonly,[Profile],DF-Template,new,ok
profile.Planning.Plus,A11.profile.Planning.Plus,T.PRMS.ecoresults.readonly,[Profile],DF-Template,new,ok
profile.Planning.Plus,A11.profile.Planning.Plus,T.PRMS.financials.full,[Profile],DF-Template,new,ok
profile.Planning.Plus,A11.profile.Planning.Plus,T.PRMS.input.full,[Profile],DF-Template,new,ok
profile.Planning.Plus,A11.profile.Planning.Plus,T.PRMS.quicklook.full,[Profile],DF-Template,new,ok
profile.Auditor,A12.profile.Auditor,A12.profile.Auditor,[Profile],PROFILE,new,ok
profile.Auditor,A12.profile.Auditor,Auditor,[Profile],,new,ok
profile.Economics.local,A13.profile.Economics.Classic,A13.profile.Economics.Classic,[Profile],PROFILE,new,ok
profile.Economics.local,A13.profile.Economics.Classic,data.Everyone.Economics,[Profile],Economics,new,ok
profile.Economics.local,A13.profile.Economics.Classic,Dataflow.base,[Profile],DataFlow,new,ok
profile.Economics.local,A13.profile.Economics.Classic,Dataflow.baseplus,[Profile],DataFlow,new,ok
profile.Economics.local,A13.profile.Economics.Classic,Dataflow.quicklook,[Profile],DataFlow,new,ok
profile.Economics.local,A13.profile.Economics.Classic,Dataflow.unlock,[Profile],DataFlow,new,ok
profile.Economics.local,A13.profile.Economics.Classic,Economics.base,[Profile],Economics,new,ok
profile.Economics.local,A13.profile.Economics.Classic,Economics.key,[Profile],Economics,new,ok
profile.Economics.local,A13.profile.Economics.Classic,Economics.regimes.readonly,[Profile],Economics,new,ok
profile.Economics.local,A13.profile.Economics.Classic,Financials.base,[Profile],Financials,new,ok
profile.Economics.local,A13.profile.Economics.Classic,license.heavy,[Profile],License,new,ok
profile.Economics.local,A13.profile.Economics.Classic,P2V.base,[Profile],General,new,ok
profile.Economics.local,A13.profile.Economics.Classic,Portfolio.base,[Profile],,new,ok
profile.Economics.local,A13.profile.Economics.Classic,Reporting,[Profile],Reporting,new,ok
profile.Economics.local,A13.profile.Economics.Classic,T.ADJUST.admin.full,[Profile],DF-Template,new,ok
profile.Economics.local,A13.profile.Economics.Classic,T.ADJUST.calc.deny,[Profile],DF-Template,new,ok
profile.Economics.local,A13.profile.Economics.Classic,T.ADJUST.economics.deny,[Profile],DF-Template,new,ok
profile.Economics.local,A13.profile.Economics.Classic,T.ADJUST.ecoresults.full,[Profile],DF-Template,new,ok
profile.Economics.local,A13.profile.Economics.Classic,T.ADJUST.financials.readonly,[Profile],DF-Template,new,ok
profile.Economics.local,A13.profile.Economics.Classic,T.ADJUST.input.deny,[Profile],DF-Template,new,ok
profile.Economics.local,A13.profile.Economics.Classic,T.ADJUST.overview.full,[Profile],DF-Template,new,ok
profile.Economics.local,A13.profile.Economics.Classic,T.PRMS.admin.full,[Profile],DF-Template,new,ok
profile.Economics.local,A13.profile.Economics.Classic,T.PRMS.calc.deny,[Profile],DF-Template,new,ok
profile.Economics.local,A13.profile.Economics.Classic,T.PRMS.economics.full,[Profile],DF-Template,new,ok
profile.Economics.local,A13.profile.Economics.Classic,T.PRMS.ecoresults.full,[Profile],DF-Template,new,ok
profile.Economics.local,A13.profile.Economics.Classic,T.PRMS.financials.readonly,[Profile],DF-Template,new,ok
profile.Economics.local,A13.profile.Economics.Classic,T.PRMS.input.full,[Profile],DF-Template,new,ok
profile.Economics.local,A13.profile.Economics.Classic,T.PRMS.quicklook.readonly,[Profile],DF-Template,new,ok
profile.Economics.Regimes,A14.profile.Economics.Regimes,A14.profile.Economics.Regimes,[Profile],PROFILE,new,ok
profile.Economics.Regimes,A14.profile.Economics.Regimes,data.Everyone.Economics,[Profile],Economics,new,ok
profile.Economics.Regimes,A14.profile.Economics.Regimes,Economics.regimes,[Profile],Economics,new,ok
profile.Economics.Regimes,A14.profile.Economics.Regimes,Financials.regimes.readonly,[Profile],Financials,new,ok
profile.Economics.Headoffice,A15.profile.Economics.Plus,A15.profile.Economics.Plus,[Profile],PROFILE,new,ok
profile.Economics.Headoffice,A15.profile.Economics.Plus,data.Everyone.Economics,[Profile],Economics,new,ok
profile.Economics.Headoffice,A15.profile.Economics.Plus,Dataflow.base,[Profile],DataFlow,new,ok
profile.Economics.Headoffice,A15.profile.Economics.Plus,Dataflow.baseplus,[Profile],DataFlow,new,ok
profile.Economics.Headoffice,A15.profile.Economics.Plus,Dataflow.quicklook,[Profile],DataFlow,new,ok
profile.Economics.Headoffice,A15.profile.Economics.Plus,Dataflow.unlock,[Profile],DataFlow,new,ok
profile.Economics.Headoffice,A15.profile.Economics.Plus,Economics.base,[Profile],Economics,new,ok
profile.Economics.Headoffice,A15.profile.Economics.Plus,Economics.key,[Profile],Economics,new,ok
profile.Economics.Headoffice,A15.profile.Economics.Plus,Economics.power,[Profile],Economics,new,ok
profile.Economics.Headoffice,A15.profile.Economics.Plus,Economics.regimes.readonly,[Profile],Economics,new,ok
profile.Economics.Headoffice,A15.profile.Economics.Plus,Economics.unlock,[Profile],Economics,new,ok
profile.Economics.Headoffice,A15.profile.Economics.Plus,Financials.base,[Profile],Financials,new,ok
profile.Economics.Headoffice,A15.profile.Economics.Plus,license.heavy,[Profile],License,new,ok
profile.Economics.Headoffice,A15.profile.Economics.Plus,P2V.base,[Profile],General,new,ok
profile.Economics.Headoffice,A15.profile.Economics.Plus,Portfolio.base,[Profile],,new,ok
profile.Economics.Headoffice,A15.profile.Economics.Plus,Reporting,[Profile],Reporting,new,ok
profile.Economics.Headoffice,A15.profile.Economics.Plus,T.ADJUST.admin.full,[Profile],DF-Template,new,ok
profile.Economics.Headoffice,A15.profile.Economics.Plus,T.ADJUST.calc.deny,[Profile],DF-Template,new,ok
profile.Economics.Headoffice,A15.profile.Economics.Plus,T.ADJUST.economics.deny,[Profile],DF-Template,new,ok
profile.Economics.Headoffice,A15.profile.Economics.Plus,T.ADJUST.ecoresults.full,[Profile],DF-Template,new,ok
profile.Economics.Headoffice,A15.profile.Economics.Plus,T.ADJUST.financials.readonly,[Profile],DF-Template,new,ok
profile.Economics.Headoffice,A15.profile.Economics.Plus,T.ADJUST.input.deny,[Profile],DF-Template,new,ok
profile.Economics.Headoffice,A15.profile.Economics.Plus,T.ADJUST.overview.full,[Profile],DF-Template,new,ok
profile.Economics.Headoffice,A15.profile.Economics.Plus,T.PRMS.admin.full,[Profile],DF-Template,new,ok
profile.Economics.Headoffice,A15.profile.Economics.Plus,T.PRMS.calc.deny,[Profile],DF-Template,new,ok
profile.Economics.Headoffice,A15.profile.Economics.Plus,T.PRMS.economics.full,[Profile],DF-Template,new,ok
profile.Economics.Headoffice,A15.profile.Economics.Plus,T.PRMS.ecoresults.full,[Profile],DF-Template,new,ok
profile.Economics.Headoffice,A15.profile.Economics.Plus,T.PRMS.financials.readonly,[Profile],DF-Template,new,ok
profile.Economics.Headoffice,A15.profile.Economics.Plus,T.PRMS.input.full,[Profile],DF-Template,new,ok
profile.Economics.Headoffice,A15.profile.Economics.Plus,T.PRMS.quicklook.readonly,[Profile],DF-Template,new,ok
profile.Finance.Local,A16.profile.Finance.Classic,A16.profile.Finance.Classic,[Profile],PROFILE,new,ok
profile.Finance.Local,A16.profile.Finance.Classic,data.Everyone.Finance,[Profile],Financials,new,ok
profile.Finance.Local,A16.profile.Finance.Classic,Dataflow.base,[Profile],DataFlow,new,ok
profile.Finance.Local,A16.profile.Finance.Classic,Dataflow.baseplus,[Profile],DataFlow,new,ok
profile.Finance.Local,A16.profile.Finance.Classic,Economics.base,[Profile],Economics,new,ok
profile.Finance.Local,A16.profile.Finance.Classic,Economics.regimes.readonly,[Profile],Economics,new,ok
profile.Finance.Local,A16.profile.Finance.Classic,Financials.base,[Profile],Financials,new,ok
profile.Finance.Local,A16.profile.Finance.Classic,Financials.key,[Profile],Financials,new,ok
profile.Finance.Local,A16.profile.Finance.Classic,Financials.regimes.readonly,[Profile],Financials,new,ok
profile.Finance.Local,A16.profile.Finance.Classic,license.heavy,[Profile],License,new,ok
profile.Finance.Local,A16.profile.Finance.Classic,P2V.base,[Profile],General,new,ok
profile.Finance.Local,A16.profile.Finance.Classic,Portfolio.base,[Profile],,new,ok
profile.Finance.Local,A16.profile.Finance.Classic,Reporting,[Profile],Reporting,new,ok
profile.Finance.Local,A16.profile.Finance.Classic,T.ADJUST.admin.full,[Profile],DF-Template,new,ok
profile.Finance.Local,A16.profile.Finance.Classic,T.ADJUST.calc.deny,[Profile],DF-Template,new,ok
profile.Finance.Local,A16.profile.Finance.Classic,T.ADJUST.economics.deny,[Profile],DF-Template,new,ok
profile.Finance.Local,A16.profile.Finance.Classic,T.ADJUST.ecoresults.full,[Profile],DF-Template,new,ok
profile.Finance.Local,A16.profile.Finance.Classic,T.ADJUST.financials.full,[Profile],DF-Template,new,ok
profile.Finance.Local,A16.profile.Finance.Classic,T.ADJUST.input.deny,[Profile],DF-Template,new,ok
profile.Finance.Local,A16.profile.Finance.Classic,T.ADJUST.overview.full,[Profile],DF-Template,new,ok
profile.Finance.Local,A16.profile.Finance.Classic,T.PRMS.admin.readonly,[Profile],DF-Template,new,ok
profile.Finance.Local,A16.profile.Finance.Classic,T.PRMS.calc.deny,[Profile],DF-Template,new,ok
profile.Finance.Local,A16.profile.Finance.Classic,T.PRMS.economics.readonly,[Profile],DF-Template,new,ok
profile.Finance.Local,A16.profile.Finance.Classic,T.PRMS.ecoresults.readonly,[Profile],DF-Template,new,ok
profile.Finance.Local,A16.profile.Finance.Classic,T.PRMS.financials.full,[Profile],DF-Template,new,ok
profile.Finance.Local,A16.profile.Finance.Classic,T.PRMS.input.full,[Profile],DF-Template,new,ok
profile.Finance.Local,A16.profile.Finance.Classic,T.PRMS.quicklook.readonly,[Profile],DF-Template,new,ok
profile.Finance.Regimes,A17.profile.Finance.Regimes,A17.profile.Finance.Regimes,[Profile],PROFILE,new,ok
profile.Finance.Regimes,A17.profile.Finance.Regimes,data.Everyone.Finance,[Profile],Financials,new,ok
profile.Finance.Regimes,A17.profile.Finance.Regimes,Financials.regimes,[Profile],Financials,new,ok
profile.Finance.HeadOffice,A18.profile.Finance.Plus,A18.profile.Finance.Plus,[Profile],PROFILE,new,ok
profile.Finance.HeadOffice,A18.profile.Finance.Plus,data.Everyone.Finance,[Profile],Financials,new,ok
profile.Finance.HeadOffice,A18.profile.Finance.Plus,Dataflow.base,[Profile],DataFlow,new,ok
profile.Finance.HeadOffice,A18.profile.Finance.Plus,Dataflow.baseplus,[Profile],DataFlow,new,ok
profile.Finance.HeadOffice,A18.profile.Finance.Plus,Economics.base,[Profile],Economics,new,ok
profile.Finance.HeadOffice,A18.profile.Finance.Plus,Economics.regimes.readonly,[Profile],Economics,new,ok
profile.Finance.HeadOffice,A18.profile.Finance.Plus,Financials.base,[Profile],Financials,new,ok
profile.Finance.HeadOffice,A18.profile.Finance.Plus,Financials.key,[Profile],Financials,new,ok
profile.Finance.HeadOffice,A18.profile.Finance.Plus,Financials.power,[Profile],Financials,new,ok
profile.Finance.HeadOffice,A18.profile.Finance.Plus,Financials.regimes.readonly,[Profile],Financials,new,ok
profile.Finance.HeadOffice,A18.profile.Finance.Plus,Financials.unlock,[Profile],Financials,new,ok
profile.Finance.HeadOffice,A18.profile.Finance.Plus,license.heavy,[Profile],License,new,ok
profile.Finance.HeadOffice,A18.profile.Finance.Plus,P2V.base,[Profile],General,new,ok
profile.Finance.HeadOffice,A18.profile.Finance.Plus,Portfolio.base,[Profile],,new,ok
profile.Finance.HeadOffice,A18.profile.Finance.Plus,Reporting,[Profile],Reporting,new,ok
profile.Finance.HeadOffice,A18.profile.Finance.Plus,T.ADJUST.admin.full,[Profile],DF-Template,new,ok
profile.Finance.HeadOffice,A18.profile.Finance.Plus,T.ADJUST.calc.deny,[Profile],DF-Template,new,ok
profile.Finance.HeadOffice,A18.profile.Finance.Plus,T.ADJUST.economics.deny,[Profile],DF-Template,new,ok
profile.Finance.HeadOffice,A18.profile.Finance.Plus,T.ADJUST.ecoresults.full,[Profile],DF-Template,new,ok
profile.Finance.HeadOffice,A18.profile.Finance.Plus,T.ADJUST.financials.full,[Profile],DF-Template,new,ok
profile.Finance.HeadOffice,A18.profile.Finance.Plus,T.ADJUST.input.readonly,[Profile],DF-Template,new,ok
profile.Finance.HeadOffice,A18.profile.Finance.Plus,T.ADJUST.overview.full,[Profile],DF-Template,new,ok
profile.Finance.HeadOffice,A18.profile.Finance.Plus,T.PRMS.admin.readonly,[Profile],DF-Template,new,ok
profile.Finance.HeadOffice,A18.profile.Finance.Plus,T.PRMS.calc.deny,[Profile],DF-Template,new,ok
profile.Finance.HeadOffice,A18.profile.Finance.Plus,T.PRMS.economics.readonly,[Profile],DF-Template,new,ok
profile.Finance.HeadOffice,A18.profile.Finance.Plus,T.PRMS.ecoresults.readonly,[Profile],DF-Template,new,ok
profile.Finance.HeadOffice,A18.profile.Finance.Plus,T.PRMS.financials.full,[Profile],DF-Template,new,ok
profile.Finance.HeadOffice,A18.profile.Finance.Plus,T.PRMS.input.full,[Profile],DF-Template,new,ok
profile.Finance.HeadOffice,A18.profile.Finance.Plus,T.PRMS.quicklook.readonly,[Profile],DF-Template,new,ok
profile.Portfolio.Classic,A19.profile.Portfolio.Classic,A19.profile.Portfolio.Classic,[Profile],PROFILE,new,ok
profile.Portfolio.Classic,A19.profile.Portfolio.Classic,Dataflow.base,[Profile],DataFlow,new,ok
profile.Portfolio.Classic,A19.profile.Portfolio.Classic,Dataflow.baseplus,[Profile],DataFlow,new,ok
profile.Portfolio.Classic,A19.profile.Portfolio.Classic,Economics.base,[Profile],Economics,new,ok
profile.Portfolio.Classic,A19.profile.Portfolio.Classic,Economics.key,[Profile],Economics,new,ok
profile.Portfolio.Classic,A19.profile.Portfolio.Classic,Economics.regimes.readonly,[Profile],Economics,new,ok
profile.Portfolio.Classic,A19.profile.Portfolio.Classic,Financials.base,[Profile],Financials,new,ok
profile.Portfolio.Classic,A19.profile.Portfolio.Classic,license.heavy,[Profile],License,new,ok
profile.Portfolio.Classic,A19.profile.Portfolio.Classic,P2V.base,[Profile],General,new,ok
profile.Portfolio.Classic,A19.profile.Portfolio.Classic,Portfolio.base,[Profile],,new,ok
profile.Portfolio.Classic,A19.profile.Portfolio.Classic,Reporting,[Profile],Reporting,new,ok
profile.Portfolio.Classic,A19.profile.Portfolio.Classic,T.ADJUST.admin.readonly,[Profile],DF-Template,new,ok
profile.Portfolio.Classic,A19.profile.Portfolio.Classic,T.ADJUST.calc.deny,[Profile],DF-Template,new,ok
profile.Portfolio.Classic,A19.profile.Portfolio.Classic,T.ADJUST.economics.deny,[Profile],DF-Template,new,ok
profile.Portfolio.Classic,A19.profile.Portfolio.Classic,T.ADJUST.ecoresults.readonly,[Profile],DF-Template,new,ok
profile.Portfolio.Classic,A19.profile.Portfolio.Classic,T.ADJUST.financials.readonly,[Profile],DF-Template,new,ok
profile.Portfolio.Classic,A19.profile.Portfolio.Classic,T.ADJUST.input.deny,[Profile],DF-Template,new,ok
profile.Portfolio.Classic,A19.profile.Portfolio.Classic,T.ADJUST.overview.readonly,[Profile],DF-Template,new,ok
profile.Portfolio.Classic,A19.profile.Portfolio.Classic,T.PRMS.admin.readonly,[Profile],DF-Template,new,ok
profile.Portfolio.Classic,A19.profile.Portfolio.Classic,T.PRMS.calc.deny,[Profile],DF-Template,new,ok
profile.Portfolio.Classic,A19.profile.Portfolio.Classic,T.PRMS.economics.readonly,[Profile],DF-Template,new,ok
profile.Portfolio.Classic,A19.profile.Portfolio.Classic,T.PRMS.ecoresults.readonly,[Profile],DF-Template,new,ok
profile.Portfolio.Classic,A19.profile.Portfolio.Classic,T.PRMS.financials.readonly,[Profile],DF-Template,new,ok
profile.Portfolio.Classic,A19.profile.Portfolio.Classic,T.PRMS.input.full,[Profile],DF-Template,new,ok
profile.Portfolio.Classic,A19.profile.Portfolio.Classic,T.PRMS.quicklook.readonly,[Profile],DF-Template,new,ok
profile.Reserves.local.QRE,A20.profile.Reserves.local.QRE,A20.profile.Reserves.local.QRE,[Profile],PROFILE,new,ok
profile.Reserves.local.QRE,A20.profile.Reserves.local.QRE,Dataflow.base,[Profile],DataFlow,new,ok
profile.Reserves.local.QRE,A20.profile.Reserves.local.QRE,Economics.base,[Profile],Economics,new,ok
profile.Reserves.local.QRE,A20.profile.Reserves.local.QRE,Financials.base,[Profile],Financials,new,ok
profile.Reserves.local.QRE,A20.profile.Reserves.local.QRE,Input.Confirm,[Profile],Tag,new,ok
profile.Reserves.local.QRE,A20.profile.Reserves.local.QRE,license.heavy,[Profile],License,new,ok
profile.Reserves.local.QRE,A20.profile.Reserves.local.QRE,P2V.base,[Profile],General,new,ok
profile.Reserves.local.QRE,A20.profile.Reserves.local.QRE,Portfolio.base,[Profile],Portfolio,new,ok
profile.Reserves.local.QRE,A20.profile.Reserves.local.QRE,Reporting,[Profile],Reporting,new,ok
profile.Reserves.local.QRE,A20.profile.Reserves.local.QRE,Reserves.base,[Profile],Reserves,new,ok
profile.Reserves.local.QRE,A20.profile.Reserves.local.QRE,Reserves.key,[Profile],Reserves,new,ok
profile.Reserves.local.QRE,A20.profile.Reserves.local.QRE,Reserves.Submitter,[Profile],Reserves,new,ok
profile.Reserves.local.QRE,A20.profile.Reserves.local.QRE,T.ADJUST.admin.deny,[Profile],DF-Template,new,ok
profile.Reserves.local.QRE,A20.profile.Reserves.local.QRE,T.ADJUST.calc.deny,[Profile],DF-Template,new,ok
profile.Reserves.local.QRE,A20.profile.Reserves.local.QRE,T.ADJUST.economics.deny,[Profile],DF-Template,new,ok
profile.Reserves.local.QRE,A20.profile.Reserves.local.QRE,T.ADJUST.ecoresults.readonly,[Profile],DF-Template,new,ok
profile.Reserves.local.QRE,A20.profile.Reserves.local.QRE,T.ADJUST.financials.readonly,[Profile],DF-Template,new,ok
profile.Reserves.local.QRE,A20.profile.Reserves.local.QRE,T.ADJUST.input.deny,[Profile],DF-Template,new,ok
profile.Reserves.local.QRE,A20.profile.Reserves.local.QRE,T.ADJUST.overview.readonly,[Profile],DF-Template,new,ok
profile.Reserves.local.QRE,A20.profile.Reserves.local.QRE,T.PRMS.admin.deny,[Profile],DF-Template,new,ok
profile.Reserves.local.QRE,A20.profile.Reserves.local.QRE,T.PRMS.calc.deny,[Profile],DF-Template,new,ok
profile.Reserves.local.QRE,A20.profile.Reserves.local.QRE,T.PRMS.economics.readonly,[Profile],DF-Template,new,ok
profile.Reserves.local.QRE,A20.profile.Reserves.local.QRE,T.PRMS.ecoresults.readonly,[Profile],DF-Template,new,ok
profile.Reserves.local.QRE,A20.profile.Reserves.local.QRE,T.PRMS.financials.deny,[Profile],DF-Template,new,ok
profile.Reserves.local.QRE,A20.profile.Reserves.local.QRE,T.PRMS.input.full,[Profile],DF-Template,new,ok
profile.Reserves.local.QRE,A20.profile.Reserves.local.QRE,T.PRMS.quicklook.readonly,[Profile],DF-Template,new,ok
profile.Reserves.Headoffice,A21.profile.Reserves.Headoffice,A21.profile.Reserves.Headoffice,[Profile],PROFILE,new,ok
profile.Reserves.Headoffice,A21.profile.Reserves.Headoffice,Dataflow.base,[Profile],DataFlow,new,ok
profile.Reserves.Headoffice,A21.profile.Reserves.Headoffice,Economics.base,[Profile],Economics,new,ok
profile.Reserves.Headoffice,A21.profile.Reserves.Headoffice,Financials.base,[Profile],Financials,new,ok
profile.Reserves.Headoffice,A21.profile.Reserves.Headoffice,license.heavy,[Profile],License,new,ok
profile.Reserves.Headoffice,A21.profile.Reserves.Headoffice,P2V.base,[Profile],General,new,ok
profile.Reserves.Headoffice,A21.profile.Reserves.Headoffice,Portfolio.base,[Profile],,new,ok
profile.Reserves.Headoffice,A21.profile.Reserves.Headoffice,Reporting,[Profile],Reporting,new,ok
profile.Reserves.Headoffice,A21.profile.Reserves.Headoffice,Reserves.base,[Profile],Reserves,new,ok
profile.Reserves.Headoffice,A21.profile.Reserves.Headoffice,Reserves.key,[Profile],Reserves,new,ok
profile.Reserves.Headoffice,A21.profile.Reserves.Headoffice,Reserves.Submitter,[Profile],Reserves,new,ok
profile.Reserves.Headoffice,A21.profile.Reserves.Headoffice,T.ADJUST.admin.deny,[Profile],DF-Template,new,ok
profile.Reserves.Headoffice,A21.profile.Reserves.Headoffice,T.ADJUST.calc.deny,[Profile],DF-Template,new,ok
profile.Reserves.Headoffice,A21.profile.Reserves.Headoffice,T.ADJUST.economics.deny,[Profile],DF-Template,new,ok
profile.Reserves.Headoffice,A21.profile.Reserves.Headoffice,T.ADJUST.ecoresults.readonly,[Profile],DF-Template,new,ok
profile.Reserves.Headoffice,A21.profile.Reserves.Headoffice,T.ADJUST.financials.readonly,[Profile],DF-Template,new,ok
profile.Reserves.Headoffice,A21.profile.Reserves.Headoffice,T.ADJUST.input.deny,[Profile],DF-Template,new,ok
profile.Reserves.Headoffice,A21.profile.Reserves.Headoffice,T.ADJUST.overview.readonly,[Profile],DF-Template,new,ok
profile.Reserves.Headoffice,A21.profile.Reserves.Headoffice,T.PRMS.admin.deny,[Profile],DF-Template,new,ok
profile.Reserves.Headoffice,A21.profile.Reserves.Headoffice,T.PRMS.calc.deny,[Profile],DF-Template,new,ok
profile.Reserves.Headoffice,A21.profile.Reserves.Headoffice,T.PRMS.economics.readonly,[Profile],DF-Template,new,ok
profile.Reserves.Headoffice,A21.profile.Reserves.Headoffice,T.PRMS.ecoresults.readonly,[Profile],DF-Template,new,ok
profile.Reserves.Headoffice,A21.profile.Reserves.Headoffice,T.PRMS.financials.deny,[Profile],DF-Template,new,ok
profile.Reserves.Headoffice,A21.profile.Reserves.Headoffice,T.PRMS.input.full,[Profile],DF-Template,new,ok
profile.Reserves.Headoffice,A21.profile.Reserves.Headoffice,T.PRMS.quicklook.readonly,[Profile],DF-Template,new,ok
profile.Reserves.Headoffice.Approve,A22.profile.Reserves.Headoffice.Power,Financials.power,[Profile],Financials,new,ok
profile.Reserves.Headoffice.Approve,A22.profile.Reserves.Headoffice.Power,Reserves.Submitter,[Profile],Reserves,new,ok
profile.Reserves.Headoffice.Power,A22.profile.Reserves.Headoffice.Power,A22.profile.Reserves.Headoffice.Power,[Profile],PROFILE,new,ok
profile.Reserves.Headoffice.Power,A22.profile.Reserves.Headoffice.Power,Dataflow.base,[Profile],DataFlow,new,ok
profile.Reserves.Headoffice.Power,A22.profile.Reserves.Headoffice.Power,Dataflow.baseplus,[Profile],DataFlow,new,ok
profile.Reserves.Headoffice.Power,A22.profile.Reserves.Headoffice.Power,DataFlow.key,[Profile],DataFlow,new,ok
profile.Reserves.Headoffice.Power,A22.profile.Reserves.Headoffice.Power,Economics.base,[Profile],Economics,new,ok
profile.Reserves.Headoffice.Power,A22.profile.Reserves.Headoffice.Power,Economics.regimes.readonly,[Profile],Economics,new,ok
profile.Reserves.Headoffice.Power,A22.profile.Reserves.Headoffice.Power,Financials.base,[Profile],Financials,new,ok
profile.Reserves.Headoffice.Power,A22.profile.Reserves.Headoffice.Power,Financials.key,[Profile],Financials,new,ok
profile.Reserves.Headoffice.Power,A22.profile.Reserves.Headoffice.Power,Financials.regimes.readonly,[Profile],Financials,new,ok
profile.Reserves.Headoffice.Power,A22.profile.Reserves.Headoffice.Power,Input.Approve,[Profile],Tag,new,ok
profile.Reserves.Headoffice.Power,A22.profile.Reserves.Headoffice.Power,license.heavy,[Profile],License,new,ok
profile.Reserves.Headoffice.Power,A22.profile.Reserves.Headoffice.Power,P2V.base,[Profile],General,new,ok
profile.Reserves.Headoffice.Power,A22.profile.Reserves.Headoffice.Power,Portfolio.base,[Profile],,new,ok
profile.Reserves.Headoffice.Power,A22.profile.Reserves.Headoffice.Power,Reporting,[Profile],Reporting,new,ok
profile.Reserves.Headoffice.Power,A22.profile.Reserves.Headoffice.Power,Reserves.Administrator,[Profile],Reserves,new,ok
profile.Reserves.Headoffice.Power,A22.profile.Reserves.Headoffice.Power,Reserves.base,[Profile],Reserves,new,ok
profile.Reserves.Headoffice.Power,A22.profile.Reserves.Headoffice.Power,Reserves.key,[Profile],Reserves,new,ok
profile.Reserves.Headoffice.Power,A22.profile.Reserves.Headoffice.Power,Reserves.power,[Profile],Reserves,new,ok
profile.Reserves.Headoffice.Power,A22.profile.Reserves.Headoffice.Power,T.ADJUST.admin.deny,[Profile],DF-Template,new,ok
profile.Reserves.Headoffice.Power,A22.profile.Reserves.Headoffice.Power,T.ADJUST.calc.deny,[Profile],DF-Template,new,ok
profile.Reserves.Headoffice.Power,A22.profile.Reserves.Headoffice.Power,T.ADJUST.economics.deny,[Profile],DF-Template,new,ok
profile.Reserves.Headoffice.Power,A22.profile.Reserves.Headoffice.Power,T.ADJUST.ecoresults.readonly,[Profile],DF-Template,new,ok
profile.Reserves.Headoffice.Power,A22.profile.Reserves.Headoffice.Power,T.ADJUST.financials.readonly,[Profile],DF-Template,new,ok
profile.Reserves.Headoffice.Power,A22.profile.Reserves.Headoffice.Power,T.ADJUST.input.deny,[Profile],DF-Template,new,ok
profile.Reserves.Headoffice.Power,A22.profile.Reserves.Headoffice.Power,T.ADJUST.overview.readonly,[Profile],DF-Template,new,ok
profile.Reserves.Headoffice.Power,A22.profile.Reserves.Headoffice.Power,T.PRMS.admin.readonly,[Profile],DF-Template,new,ok
profile.Reserves.Headoffice.Power,A22.profile.Reserves.Headoffice.Power,T.PRMS.calc.deny,[Profile],DF-Template,new,ok
profile.Reserves.Headoffice.Power,A22.profile.Reserves.Headoffice.Power,T.PRMS.economics.readonly,[Profile],DF-Template,new,ok
profile.Reserves.Headoffice.Power,A22.profile.Reserves.Headoffice.Power,T.PRMS.ecoresults.readonly,[Profile],DF-Template,new,ok
profile.Reserves.Headoffice.Power,A22.profile.Reserves.Headoffice.Power,T.PRMS.financials.full,[Profile],DF-Template,new,ok
profile.Reserves.Headoffice.Power,A22.profile.Reserves.Headoffice.Power,T.PRMS.input.full,[Profile],DF-Template,new,ok
profile.Reserves.Headoffice.Power,A22.profile.Reserves.Headoffice.Power,T.PRMS.quicklook.readonly,[Profile],DF-Template,new,ok
profile.Reserves.Headoffice.Approve,A23.profile.Reserves.Headoffice.Approve,A23.profile.Reserves.Headoffice.Approve,[Profile],PROFILE,new,ok
profile.Reserves.Headoffice.Approve,A23.profile.Reserves.Headoffice.Approve,Dataflow.base,[Profile],DataFlow,new,ok
profile.Reserves.Headoffice.Approve,A23.profile.Reserves.Headoffice.Approve,Dataflow.baseplus,[Profile],DataFlow,new,ok
profile.Reserves.Headoffice.Approve,A23.profile.Reserves.Headoffice.Approve,DataFlow.key,[Profile],DataFlow,new,ok
profile.Reserves.Headoffice.Approve,A23.profile.Reserves.Headoffice.Approve,Economics.base,[Profile],Economics,new,ok
profile.Reserves.Headoffice.Approve,A23.profile.Reserves.Headoffice.Approve,Economics.regimes.readonly,[Profile],Economics,new,ok
profile.Reserves.Headoffice.Approve,A23.profile.Reserves.Headoffice.Approve,Financials.base,[Profile],Financials,new,ok
profile.Reserves.Headoffice.Approve,A23.profile.Reserves.Headoffice.Approve,Financials.regimes.readonly,[Profile],Financials,new,ok
profile.Reserves.Headoffice.Approve,A23.profile.Reserves.Headoffice.Approve,Input.Approve,[Profile],Tag,new,ok
profile.Reserves.Headoffice.Approve,A23.profile.Reserves.Headoffice.Approve,license.heavy,[Profile],License,new,ok
profile.Reserves.Headoffice.Approve,A23.profile.Reserves.Headoffice.Approve,P2V.base,[Profile],General,new,ok
profile.Reserves.Headoffice.Approve,A23.profile.Reserves.Headoffice.Approve,Portfolio.base,[Profile],,new,ok
profile.Reserves.Headoffice.Approve,A23.profile.Reserves.Headoffice.Approve,Reporting,[Profile],Reporting,new,ok
profile.Reserves.Headoffice.Approve,A23.profile.Reserves.Headoffice.Approve,Reserves.Administrator,[Profile],Reserves,new,ok
profile.Reserves.Headoffice.Approve,A23.profile.Reserves.Headoffice.Approve,Reserves.Approver.ho,[Profile],Reserves,new,ok
profile.Reserves.Headoffice.Approve,A23.profile.Reserves.Headoffice.Approve,Reserves.base,[Profile],Reserves,new,ok
profile.Reserves.Headoffice.Approve,A23.profile.Reserves.Headoffice.Approve,Reserves.key,[Profile],Reserves,new,ok
profile.Reserves.Headoffice.Approve,A23.profile.Reserves.Headoffice.Approve,Reserves.power,[Profile],Reserves,new,ok
profile.Reserves.Headoffice.Approve,A23.profile.Reserves.Headoffice.Approve,T.ADJUST.admin.deny,[Profile],DF-Template,new,ok
profile.Reserves.Headoffice.Approve,A23.profile.Reserves.Headoffice.Approve,T.ADJUST.calc.deny,[Profile],DF-Template,new,ok
profile.Reserves.Headoffice.Approve,A23.profile.Reserves.Headoffice.Approve,T.ADJUST.economics.deny,[Profile],DF-Template,new,ok
profile.Reserves.Headoffice.Approve,A23.profile.Reserves.Headoffice.Approve,T.ADJUST.ecoresults.readonly,[Profile],DF-Template,new,ok
profile.Reserves.Headoffice.Approve,A23.profile.Reserves.Headoffice.Approve,T.ADJUST.financials.readonly,[Profile],DF-Template,new,ok
profile.Reserves.Headoffice.Approve,A23.profile.Reserves.Headoffice.Approve,T.ADJUST.input.deny,[Profile],DF-Template,new,ok
profile.Reserves.Headoffice.Approve,A23.profile.Reserves.Headoffice.Approve,T.ADJUST.overview.readonly,[Profile],DF-Template,new,ok
profile.Reserves.Headoffice.Approve,A23.profile.Reserves.Headoffice.Approve,T.PRMS.admin.readonly,[Profile],DF-Template,new,ok
profile.Reserves.Headoffice.Approve,A23.profile.Reserves.Headoffice.Approve,T.PRMS.calc.deny,[Profile],DF-Template,new,ok
profile.Reserves.Headoffice.Approve,A23.profile.Reserves.Headoffice.Approve,T.PRMS.economics.readonly,[Profile],DF-Template,new,ok
profile.Reserves.Headoffice.Approve,A23.profile.Reserves.Headoffice.Approve,T.PRMS.ecoresults.readonly,[Profile],DF-Template,new,ok
profile.Reserves.Headoffice.Approve,A23.profile.Reserves.Headoffice.Approve,T.PRMS.financials.full,[Profile],DF-Template,new,ok
profile.Reserves.Headoffice.Approve,A23.profile.Reserves.Headoffice.Approve,T.PRMS.input.full,[Profile],DF-Template,new,ok
profile.Reserves.Headoffice.Approve,A23.profile.Reserves.Headoffice.Approve,T.PRMS.quicklook.readonly,[Profile],DF-Template,new,ok
profile.Exploration.Assurance,A24.profile.Exploration.Assurance,A24.profile.Exploration.Assurance,[Profile],PROFILE,new,ok
profile.Exploration.Assurance,A24.profile.Exploration.Assurance,Dataflow.base,[Profile],DataFlow,new,ok
profile.Exploration.Assurance,A24.profile.Exploration.Assurance,Input.Approve,[Profile],Tag,new,ok
profile.Exploration.Assurance,A24.profile.Exploration.Assurance,license.light,[Profile],License,new,ok
profile.Exploration.Assurance,A24.profile.Exploration.Assurance,P2V.base,[Profile],General,new,ok
profile.Exploration.Assurance,A24.profile.Exploration.Assurance,Reporting,[Profile],Reporting,new,ok
profile.Exploration.Assurance,A24.profile.Exploration.Assurance,T.ADJUST.admin.deny,[Profile],DF-Template,new,ok
profile.Exploration.Assurance,A24.profile.Exploration.Assurance,T.ADJUST.calc.deny,[Profile],DF-Template,new,ok
profile.Exploration.Assurance,A24.profile.Exploration.Assurance,T.ADJUST.economics.deny,[Profile],DF-Template,new,ok
profile.Exploration.Assurance,A24.profile.Exploration.Assurance,T.ADJUST.ecoresults.readonly,[Profile],DF-Template,new,ok
profile.Exploration.Assurance,A24.profile.Exploration.Assurance,T.ADJUST.financials.readonly,[Profile],DF-Template,new,ok
profile.Exploration.Assurance,A24.profile.Exploration.Assurance,T.ADJUST.input.deny,[Profile],DF-Template,new,ok
profile.Exploration.Assurance,A24.profile.Exploration.Assurance,T.ADJUST.overview.readonly,[Profile],DF-Template,new,ok
profile.Exploration.Assurance,A24.profile.Exploration.Assurance,T.PRMS.admin.deny,[Profile],DF-Template,new,ok
profile.Exploration.Assurance,A24.profile.Exploration.Assurance,T.PRMS.calc.deny,[Profile],DF-Template,new,ok
profile.Exploration.Assurance,A24.profile.Exploration.Assurance,T.PRMS.economics.readonly,[Profile],DF-Template,new,ok
profile.Exploration.Assurance,A24.profile.Exploration.Assurance,T.PRMS.ecoresults.deny,[Profile],DF-Template,new,ok
profile.Exploration.Assurance,A24.profile.Exploration.Assurance,T.PRMS.financials.deny,[Profile],DF-Template,new,ok
profile.Exploration.Assurance,A24.profile.Exploration.Assurance,T.PRMS.input.readonly,[Profile],DF-Template,new,ok
profile.Exploration.Assurance,A24.profile.Exploration.Assurance,T.PRMS.quicklook.readonly,[Profile],DF-Template,new,ok
profile.Exploration.OA.Admin,A25.profile.Exploration.OA.Admin,A25.profile.Exploration.OA.Admin,[Profile],PROFILE,new,ok
profile.Exploration.OA.Admin,A25.profile.Exploration.OA.Admin,Dataflow.base,[Profile],DataFlow,new,ok
profile.Exploration.OA.Admin,A25.profile.Exploration.OA.Admin,Dataflow.baseplus,[Profile],DataFlow,new,ok
profile.Exploration.OA.Admin,A25.profile.Exploration.OA.Admin,Input.Confirm,[Profile],Tag,new,ok
profile.Exploration.OA.Admin,A25.profile.Exploration.OA.Admin,license.light,[Profile],License,new,
profile.Exploration.OA.Admin,A25.profile.Exploration.OA.Admin,OA.Admin,[Profile],,new,
profile.Exploration.OA.Admin,A25.profile.Exploration.OA.Admin,P2V.base,[Profile],General,new,ok
profile.Exploration.OA.Admin,A25.profile.Exploration.OA.Admin,Portfolio.base,[Profile],,new,
profile.Exploration.OA.Admin,A25.profile.Exploration.OA.Admin,Reporting,[Profile],Reporting,new,ok
profile.Exploration.OA.Admin,A25.profile.Exploration.OA.Admin,T.ADJUST.admin.deny,[Profile],DF-Template,new,
profile.Exploration.OA.Admin,A25.profile.Exploration.OA.Admin,T.ADJUST.calc.deny,[Profile],DF-Template,new,
profile.Exploration.OA.Admin,A25.profile.Exploration.OA.Admin,T.ADJUST.economics.deny,[Profile],DF-Template,new,ok
profile.Exploration.OA.Admin,A25.profile.Exploration.OA.Admin,T.ADJUST.ecoresults.readonly,[Profile],DF-Template,new,ok
profile.Exploration.OA.Admin,A25.profile.Exploration.OA.Admin,T.ADJUST.financials.readonly,[Profile],DF-Template,new,ok
profile.Exploration.OA.Admin,A25.profile.Exploration.OA.Admin,T.ADJUST.input.deny,[Profile],DF-Template,new,ok
profile.Exploration.OA.Admin,A25.profile.Exploration.OA.Admin,T.ADJUST.overview.readonly,[Profile],DF-Template,new,ok
profile.Exploration.OA.Admin,A25.profile.Exploration.OA.Admin,T.PRMS.admin.deny,[Profile],DF-Template,new,ok
profile.Exploration.OA.Admin,A25.profile.Exploration.OA.Admin,T.PRMS.calc.deny,[Profile],DF-Template,new,ok
profile.Exploration.OA.Admin,A25.profile.Exploration.OA.Admin,T.PRMS.economics.readonly,[Profile],DF-Template,new,ok
profile.Exploration.OA.Admin,A25.profile.Exploration.OA.Admin,T.PRMS.ecoresults.deny,[Profile],DF-Template,new,ok
profile.Exploration.OA.Admin,A25.profile.Exploration.OA.Admin,T.PRMS.financials.deny,[Profile],DF-Template,new,ok
profile.Exploration.OA.Admin,A25.profile.Exploration.OA.Admin,T.PRMS.input.full,[Profile],DF-Template,new,ok
profile.Exploration.OA.Admin,A25.profile.Exploration.OA.Admin,T.PRMS.quicklook.readonly,[Profile],DF-Template,new,ok
profile.Portfolio.Plus,A26.profile.Portfolio.Plus,A26.profile.Portfolio.Plus,[Profile],PROFILE,new,ok
profile.Portfolio.Plus,A26.profile.Portfolio.Plus,Dataflow.base,[Profile],DataFlow,new,ok
profile.Portfolio.Plus,A26.profile.Portfolio.Plus,Dataflow.baseplus,[Profile],DataFlow,new,ok
profile.Portfolio.Plus,A26.profile.Portfolio.Plus,Economics.base,[Profile],Economics,new,
profile.Portfolio.Plus,A26.profile.Portfolio.Plus,Economics.key,[Profile],Economics,new,
profile.Portfolio.Plus,A26.profile.Portfolio.Plus,Economics.regimes.readonly,[Profile],Economics,new,
profile.Portfolio.Plus,A26.profile.Portfolio.Plus,Financials.base,[Profile],Financials,new,ok
profile.Portfolio.Plus,A26.profile.Portfolio.Plus,license.heavy,[Profile],License,new,
profile.Portfolio.Plus,A26.profile.Portfolio.Plus,P2V.base,[Profile],General,new,ok
profile.Portfolio.Plus,A26.profile.Portfolio.Plus,Portfolio.base,[Profile],,new,
profile.Portfolio.Plus,A26.profile.Portfolio.Plus,Portfolio.key,[Profile],PROFILE,new,ok
profile.Portfolio.Plus,A26.profile.Portfolio.Plus,Reporting,[Profile],Reporting,new,ok
profile.Portfolio.Plus,A26.profile.Portfolio.Plus,T.ADJUST.admin.readonly,[Profile],DF-Template,new,
profile.Portfolio.Plus,A26.profile.Portfolio.Plus,T.ADJUST.calc.readonly,[Profile],DF-Template,new,
profile.Portfolio.Plus,A26.profile.Portfolio.Plus,T.ADJUST.economics.deny,[Profile],DF-Template,new,ok
profile.Portfolio.Plus,A26.profile.Portfolio.Plus,T.ADJUST.ecoresults.readonly,[Profile],DF-Template,new,ok
profile.Portfolio.Plus,A26.profile.Portfolio.Plus,T.ADJUST.financials.readonly,[Profile],DF-Template,new,ok
profile.Portfolio.Plus,A26.profile.Portfolio.Plus,T.ADJUST.input.deny,[Profile],DF-Template,new,ok
profile.Portfolio.Plus,A26.profile.Portfolio.Plus,T.ADJUST.overview.readonly,[Profile],DF-Template,new,ok
profile.Portfolio.Plus,A26.profile.Portfolio.Plus,T.PRMS.admin.full,[Profile],DF-Template,new,ok
profile.Portfolio.Plus,A26.profile.Portfolio.Plus,T.PRMS.calc.readonly,[Profile],DF-Template,new,ok
profile.Portfolio.Plus,A26.profile.Portfolio.Plus,T.PRMS.economics.readonly,[Profile],DF-Template,new,ok
profile.Portfolio.Plus,A26.profile.Portfolio.Plus,T.PRMS.ecoresults.readonly,[Profile],DF-Template,new,ok
profile.Portfolio.Plus,A26.profile.Portfolio.Plus,T.PRMS.financials.readonly,[Profile],DF-Template,new,ok
profile.Portfolio.Plus,A26.profile.Portfolio.Plus,T.PRMS.input.full,[Profile],DF-Template,new,ok
profile.Portfolio.Plus,A26.profile.Portfolio.Plus,T.PRMS.quicklook.readonly,[Profile],DF-Template,new,ok
profile.Reserves.local.Approve,A27.profile.Reserves.local.Approve,A27.profile.Reserves.local.Approve,[Profile],PROFILE,new,ok
profile.Reserves.local.Approve,A27.profile.Reserves.local.Approve,Reserves.Approver.bo,[Profile],Reserves,new,ok
data.access.LCB,data.access.LCB,data.access.LCB.allow,[Business],nodetype,new,ok
data.access.PRMS,data.access.PRMS,data.access.PRMS.allow,[Business],nodetype,new,ok
[DATA] - Arab Emirates,data.ArabEmirates,data.ArabEmirates,[DATA],DATA,,ok
[DATA] - Australia - OMV,data.Australia,data.Australia,[DATA],DATA,,ok
[DATA] - Austria,data.Austria,data.Austria,[DATA],DATA,,ok
[DATA] - Bulgaria,data.Bulgaria,data.Bulgaria,[DATA],DATA,,ok
[DATA] - Corporate,data.Corporate,data.Corporate,[DATA],DATA,,ok
[DATA] - Croatia,data.Croatia,data.Croatia,[DATA],DATA,,ok
[DATA] - Georgia,data.Georgia,data.Georgia,[DATA],DATA,,ok
[DATA] - Germany,data.Germany,data.Germany,[DATA],DATA,,ok
[DATA] - Hungary,data.Hungary,data.Hungary,[DATA],DATA,,ok
[DATA] - Kurdistan,data.Kurdistan,data.Kurdistan,[DATA],DATA,,ok
[DATA] - Libya,data.Libya,data.Libya,[DATA],DATA,,ok
[DATA] - Malaysia,data.Malaysia,data.Malaysia,[DATA],DATA,,ok
[DATA] - Mexico,data.Mexico,data.Mexico,[DATA],DATA,,ok
[DATA] - New Zealand - OMV,data.NewZealand,data.NewZealand,[DATA],DATA,,ok
[DATA] - Norway,data.Norway,data.Norway,[DATA],DATA,,ok
[DATA] - OMVEP,data.OMVEP,data.OMVEP,[DATA],DATA,,ok
[DATA] - Romania,data.Romania,data.Romania,[DATA],DATA,,ok
[DATA] - Russia,data.Russia,data.Russia,[DATA],DATA,,ok
[DATA] - Australia - Sapura,data.Sapura.Australia,data.Sapura.Australia,[DATA],DATA,,ok
[DATA] - New Zealand - Sapura,data.Sapura.NewZealand,data.Sapura.NewZealand,[DATA],DATA,,ok
[DATA] - Switzerland,data.Switzerland,data.Switzerland,[DATA],DATA,,ok
[DATA] - Tunisia,data.Tunisia,data.Tunisia,[DATA],DATA,,ok
[DATA] - Yemen,data.Yemen,data.Yemen,[DATA],DATA,,ok
[ADD] Documents.unlock,Dataflow.unlock,Dataflow.unlock,[ADDON],DataFlow,,
[ADD] Developer,Developer,Developer,[ADDON],General,,
[ADD] Economics.Regimes,Economics.Regimes,Economics.regimes,[ADDON],Economics,,
[ADD] Economics.unlock,Economics.unlock,Economics.unlock,[ADDON],Economics,,
[ADD] Financials.unlock,Financials.unlock,Financials.unlock,[ADDON],Financials,,
NON-OMV,non.OMV,non.OMV,[DATA],DATA,new,ok
[ADD] MTP.readonly,MTP.readonly,V.MTP.readonly,[ADDON],DataFlow,,
